gremlin-neo4j,/runtime/data/freebase_small.json,node-specific-property-search1.groovy,0,0,0,3162255139,1,freebaseid,50879087846848
gremlin-neo4j,/runtime/data/freebase_small.json,node-specific-property-search2.groovy,0,0,0,3289331002,1,mid,/m/0dtwzw2
gremlin-neo4j,/runtime/data/freebase_small.json,node-specific-property-search3.groovy,0,0,0,3156473357,1,mid,/m/0dtwzw2
gremlin-neo4j,/runtime/data/freebase_small.json,node-specific-property-search4.groovy,0,0,0,3135450971,1,mid,/m/0dtwzw2
gremlin-neo4j,/runtime/data/freebase_small.json,node-specific-property-search5.groovy,0,0,0,3246525180,1,mid,/m/0dtwzw2
gremlin-neo4j,/runtime/data/freebase_small.json,node-specific-property-search6.groovy,0,0,0,3879624545,1,mid,/m/0dtwzw2
gremlin-neo4j,/runtime/data/freebase_small.json,node-specific-property-search7.groovy,0,0,0,3285430785,1,mid,/m/0dtwzw2
gremlin-neo4j,/runtime/data/freebase_small.json,node-specific-property-search8.groovy,0,0,0,3309553002,1,mid,/m/0dtwzw2
gremlin-neo4j,/runtime/data/freebase_small.json,node-specific-property-search9.groovy,0,0,0,3155263103,1,mid,/m/0dtwzw2
gremlin-neo4j,/runtime/data/freebase_small.json,node-specific-property-search10.groovy,0,0,0,3266374383,1,mid,/m/0dtwzw2
gremlin-neo4j,/runtime/data/freebase_small.json,node-specific-property-search11.groovy,0,0,0,3216863231,1,mid,/m/0dtwzw2
gremlin-neo4j,/runtime/data/freebase_small.json,node-specific-property-search12.groovy,0,0,0,3140213180,1,mid,/m/0dtwzw2
gremlin-neo4j,/runtime/data/freebase_small.json,node-specific-property-search13.groovy,0,0,0,3078552224,1,mid,/m/0dtwzw2
gremlin-neo4j,/runtime/data/freebase_small.json,node-specific-property-search14.groovy,0,0,0,3157810982,1,mid,/m/0dtwzw2
gremlin-neo4j,/runtime/data/freebase_small.json,node-specific-property-search15.groovy,0,0,0,3218130216,1,mid,/m/0dtwzw2
gremlin-neo4j,/runtime/data/freebase_small.json,node-specific-property-search16.groovy,0,0,0,3280855823,1,mid,/m/0dtwzw2
gremlin-neo4j,/runtime/data/freebase_small.json,node-specific-property-search17.groovy,0,0,0,3227867186,1,mid,/m/0dtwzw2
gremlin-neo4j,/runtime/data/freebase_small.json,node-specific-property-search18.groovy,0,0,0,3180615893,1,mid,/m/0dtwzw2
gremlin-neo4j,/runtime/data/freebase_small.json,node-specific-property-search19.groovy,0,0,0,3204645892,1,mid,/m/0dtwzw2
gremlin-neo4j,/runtime/data/freebase_small.json,node-specific-property-search20.groovy,0,0,0,3173942312,1,mid,/m/0dtwzw2
gremlin-neo4j,/runtime/data/freebase_small.json,node-specific-property-search21.groovy,0,0,0,3204469226,1,mid,/m/0dtwzw2
gremlin-neo4j,/runtime/data/freebase_small.json,node-specific-property-search22.groovy,0,0,0,3063526386,1,mid,/m/0dtwzw2
gremlin-neo4j,/runtime/data/freebase_small.json,node-specific-property-search23.groovy,0,0,0,3442136145,1,mid,/m/0dtwzw2
gremlin-neo4j,/runtime/data/freebase_small.json,node-specific-property-search24.groovy,0,0,0,3185274109,1,mid,/m/0dtwzw2
gremlin-neo4j,/runtime/data/freebase_small.json,node-specific-property-search25.groovy,0,0,0,4034500496,1,mid,/m/0dtwzw2
gremlin-neo4j,/runtime/data/freebase_small.json,node-specific-property-search26.groovy,0,0,0,4037324374,1,mid,/m/0dtwzw2
gremlin-neo4j,/runtime/data/freebase_small.json,node-specific-property-search27.groovy,0,0,0,3209844653,1,mid,/m/0dtwzw2
gremlin-neo4j,/runtime/data/freebase_small.json,node-specific-property-search28.groovy,0,0,0,3038864061,0,_id,394359
gremlin-neo4j,/runtime/data/freebase_small.json,node-specific-property-search29.groovy,0,0,0,2987744094,0,_id,394359
gremlin-neo4j,/runtime/data/freebase_small.json,update-node-property.groovy,0,0,0,23756934,4,80828688537148,test_common_property,test_value_NEW
gremlin-neo4j,/runtime/data/freebase_small.json,update-node-property.groovy,0,0,0,26956255,4,80828688537148,test_common_property,test_value_NEW
gremlin-neo4j,/runtime/data/freebase_small.json,update-node-property.groovy,0,0,0,38903432,4,80828688537148,test_common_property,test_value_NEW
gremlin-neo4j,/runtime/data/freebase_small.json,update-node-property.groovy,0,0,0,90304974,4,80828688537148,test_common_property,test_value_NEW
gremlin-neo4j,/runtime/data/freebase_small.json,update-node-property.groovy,0,0,0,25308078,4,80828688537148,test_common_property,test_value_NEW
gremlin-neo4j,/runtime/data/freebase_small.json,update-node-property.groovy,0,0,0,35223998,4,80828688537148,test_common_property,test_value_NEW
gremlin-neo4j,/runtime/data/freebase_small.json,update-node-property.groovy,0,0,0,56803109,4,80828688537148,test_common_property,test_value_NEW
gremlin-neo4j,/runtime/data/freebase_small.json,update-node-property.groovy,0,0,0,34974157,4,80828688537148,test_common_property,test_value_NEW
gremlin-neo4j,/runtime/data/freebase_small.json,update-node-property.groovy,0,0,0,28482207,4,80828688537148,test_common_property,test_value_NEW
gremlin-neo4j,/runtime/data/freebase_small.json,update-node-property.groovy,0,0,0,34054480,4,80828688537148,test_common_property,test_value_NEW
gremlin-neo4j,/runtime/data/freebase_small.json,update-node-property.groovy,0,0,0,24672498,4,80828688537148,test_common_property,test_value_NEW
gremlin-neo4j,/runtime/data/freebase_small.json,update-node-property.groovy,0,0,0,54821393,4,80828688537148,test_common_property,test_value_NEW
gremlin-neo4j,/runtime/data/freebase_small.json,update-node-property.groovy,0,0,0,26834868,4,80828688537148,test_common_property,test_value_NEW
